{"stats":{"minecraft:picked_up":{"minecraft:birch_log":9,"minecraft:wooden_pickaxe":1,"minecraft:filled_map":1,"minecraft:potion":6,"minecraft:gunpowder":14,"minecraft:string":5,"minecraft:dirt":2,"bunker_down:steel_block":2,"minecraft:smooth_stone_slab":2,"tacz:ammo":780,"minecraft:bone":5,"minecraft:bow":1,"minecraft:redstone_torch":1,"minecraft:mossy_stone_bricks":1,"minecraft:glass_bottle":1,"minecraft:melon_slice":4,"minecraft:iron_sword":1,"minecraft:stone_hoe":1,"minecraft:book":6,"hunting_delight:humanmeat":4,"minecraft:torch":4,"minecraft:spruce_stairs":1,"minecraft:porkchop":7,"tombstone:grave_dust":2,"hunting_delight:chitin":5,"hunting_delight:animal_fat":8,"demogorgon:blighted_flesh":1,"minecraft:arrow":2,"tacz:modern_kinetic_gun":4,"minecraft:granite":6,"hunting_delight:broken_bone":104,"firstaid:bandage":10,"minecraft:baked_potato":11,"minecraft:blaze_rod":5,"hunting_delight:chickencorpse":1,"minecraft:rail":1,"minecraft:cobblestone":16},"minecraft:crafted":{"minecraft:crafting_table":1,"minecraft:birch_planks":8,"minecraft:stick":4,"minecraft:iron_pickaxe":1},"minecraft:killed_by":{"minecraft:player":5,"minecraft:skeleton":1,"minecraft:creeper":1,"minecraft:spider":1,"minecraft:blaze":1,"minecraft:zombie":3,"demogorgon:demogorgon":1,"sanitydim:rotting_stalker":1},"minecraft:dropped":{"minecraft:iron_sword":2,"minecraft:diamond":2,"hunting_delight:broken_bone":172,"minecraft:granite":6,"hunting_delight:chitin":3,"minecraft:filled_map":1,"minecraft:dirt":6,"firstaid:bandage":1,"demogorgon:blighted_flesh":1,"farmersdelight:flint_knife":1,"minecraft:gunpowder":9,"minecraft:torch":1,"minecraft:mossy_stone_bricks":1,"bunker_down:steel_block":2,"tombstone:grave_dust":1,"hunting_delight:chickencorpse":1,"minecraft:potion":6,"tacz:modern_kinetic_gun":3,"tacz:ammo":480,"minecraft:bow":1,"minecraft:wooden_pickaxe":1,"hunting_delight:animal_fat":8,"firstaid:plaster":5,"minecraft:string":2},"minecraft:killed":{"minecraft:pig":3,"minecraft:spider":4,"minecraft:creeper":4,"minecraft:blaze":8},"minecraft:custom":{"minecraft:interact_with_furnace":4,"minecraft:mob_kills":20,"minecraft:interact_with_crafting_table":1,"minecraft:leave_game":2,"minecraft:time_since_death":1290,"minecraft:sleep_in_bed":1,"minecraft:climb_one_cm":26306,"minecraft:time_since_rest":741,"minecraft:sprint_one_cm":151870,"minecraft:damage_taken":5650,"minecraft:walk_one_cm":284907,"minecraft:drop":55,"minecraft:damage_dealt":398,"minecraft:swim_one_cm":21777,"minecraft:player_kills":1,"minecraft:fly_one_cm":128521,"minecraft:open_chest":13,"minecraft:crouch_one_cm":5774,"minecraft:deaths":18,"minecraft:play_time":83049,"minecraft:sneak_time":2530,"minecraft:walk_under_water_one_cm":27021,"minecraft:jump":1053,"minecraft:walk_on_water_one_cm":49399,"minecraft:total_world_time":83049,"minecraft:fall_one_cm":16440},"minecraft:used":{"minecraft:glass_bottle":8,"minecraft:baked_potato":10,"minecraft:wooden_pickaxe":1,"minecraft:iron_sword":3,"minecraft:stone_hoe":1,"minecraft:torch":3,"minecraft:dirt":21,"farmersdelight:flint_knife":2,"minecraft:crafting_table":1,"hunting_delight:humanmeat":2,"minecraft:redstone_torch":1,"minecraft:melon_slice":4,"minecraft:iron_pickaxe":2,"tombstone:grave_key":15,"minecraft:cobblestone":14,"minecraft:potion":7,"tombstone:gift":2},"minecraft:mined":{"minecraft:light_blue_stained_glass_pane":5,"minecraft:blue_stained_glass_pane":2,"minecraft:blue_stained_glass":4,"minecraft:gray_stained_glass_pane":2,"minecraft:torch":1,"minecraft:glass":3,"minecraft:wall_torch":2,"minecraft:light_blue_stained_glass":2,"minecraft:spawner":1,"minecraft:seagrass":1,"minecraft:fire":2,"minecraft:stone_brick_stairs":1,"minecraft:smooth_stone_slab":1,"minecraft:bookshelf":2,"minecraft:dirt":2,"minecraft:redstone_wall_torch":3}},"DataVersion":3120}