{"stats":{"minecraft:picked_up":{"minecraft:birch_log":3,"minecraft:chicken":1,"minecraft:potion":1,"minecraft:gunpowder":5,"farmersdelight:tomato":1,"minecraft:string":6,"tacz:ammo":480,"minecraft:bone":1,"minecraft:stone_bricks":2,"minecraft:redstone_torch":3,"minecraft:mossy_stone_bricks":1,"firstaid:plaster":5,"minecraft:stick":1,"hunting_delight:humanmeat":12,"minecraft:acacia_log":1,"minecraft:torch":1,"minecraft:porkchop":8,"farmersdelight:tomato_seeds":3,"tombstone:grave_dust":1,"hunting_delight:chitin":2,"hunting_delight:animal_fat":4,"hunting_delight:animal_fat_block":2,"minecraft:rotten_flesh":6,"tacz:modern_kinetic_gun":1,"hunting_delight:broken_bone":67,"minecraft:bread":2,"firstaid:bandage":21,"minecraft:blaze_rod":5,"hunting_delight:chickencorpse":2,"hunting_delight:rifle":1,"minecraft:coal":5,"minecraft:rail":1,"minecraft:cobblestone":8},"minecraft:crafted":{"minecraft:crafting_table":1,"minecraft:wooden_pickaxe":1,"minecraft:birch_planks":8,"minecraft:stone_axe":1,"minecraft:stick":8,"minecraft:acacia_planks":4},"minecraft:killed_by":{"sanitydim:sneaking_terror":1,"minecraft:player":1,"minecraft:skeleton":2,"minecraft:creeper":1,"minecraft:blaze":1,"demogorgon:demogorgon":1,"sanitydim:rotting_stalker":1},"minecraft:dropped":{"minecraft:stone_hoe":1,"hunting_delight:rifle":2,"minecraft:iron_sword":1,"minecraft:birch_planks":1,"minecraft:porkchop":2,"minecraft:cooked_beef":1,"minecraft:baked_potato":11,"hunting_delight:humanmeat":8,"minecraft:cobblestone":3,"hunting_delight:broken_bone":56,"minecraft:leather":6,"minecraft:cooked_mutton":25,"minecraft:dirt":2,"firstaid:bandage":7,"minecraft:gunpowder":1,"hunting_delight:cookedhumanmeat":16,"minecraft:diamond_chestplate":1,"minecraft:torch":11,"hunting_delight:leather_bag":1,"minecraft:wooden_axe":1,"minecraft:mossy_stone_bricks":1,"minecraft:melon_slice":4,"hunting_delight:chickencorpse":2,"tombstone:grave_dust":1,"minecraft:potion":1,"minecraft:iron_leggings":1,"hunting_delight:animal_fat_block":2,"minecraft:stone_bricks":1,"hunting_delight:worm":1,"minecraft:wooden_pickaxe":1,"minecraft:string":9,"minecraft:birch_log":9,"minecraft:bone":1},"minecraft:killed":{"minecraft:pig":3,"minecraft:spider":5,"minecraft:creeper":1,"minecraft:skeleton":1,"minecraft:blaze":7},"minecraft:custom":{"minecraft:interact_with_furnace":1,"minecraft:mob_kills":21,"minecraft:interact_with_crafting_table":2,"minecraft:leave_game":1,"minecraft:time_since_death":1939,"minecraft:climb_one_cm":26207,"minecraft:time_since_rest":1706,"minecraft:sprint_one_cm":129965,"minecraft:damage_taken":2466,"minecraft:walk_one_cm":427394,"minecraft:drop":65,"minecraft:damage_dealt":250,"minecraft:swim_one_cm":3818,"minecraft:player_kills":1,"minecraft:fly_one_cm":71175,"minecraft:open_chest":10,"minecraft:crouch_one_cm":1458,"minecraft:play_time":103167,"minecraft:deaths":8,"tombstone:undead_killed":1,"minecraft:sneak_time":286,"minecraft:walk_under_water_one_cm":10351,"tombstone:tomb_raiding":1,"minecraft:jump":811,"minecraft:walk_on_water_one_cm":48332,"minecraft:total_world_time":103167,"minecraft:fall_one_cm":7192},"minecraft:used":{"minecraft:glass_bottle":1,"minecraft:wooden_pickaxe":30,"minecraft:sandstone":1,"minecraft:rotten_flesh":2,"minecraft:torch":1,"minecraft:crafting_table":1,"minecraft:bread":2,"tombstone:grave_key":12,"minecraft:cobblestone":1,"minecraft:potion":1,"minecraft:birch_log":1,"tombstone:gift":2},"minecraft:mined":{"minecraft:glass_pane":2,"minecraft:blue_stained_glass_pane":2,"minecraft:cyan_terracotta":2,"minecraft:gray_stained_glass_pane":2,"minecraft:acacia_log":1,"minecraft:grass_block":1,"minecraft:gray_stained_glass":2,"minecraft:dead_bush":1,"farmersdelight:wild_tomatoes":4,"minecraft:chain":1,"minecraft:furnace":1,"minecraft:cobblestone_wall":1,"minecraft:birch_log":1,"minecraft:grass":2,"minecraft:coal_ore":5,"hunting_delight:chickencorpse":1,"minecraft:stone":8}},"DataVersion":3120}