{"stats":{"minecraft:picked_up":{"minecraft:wooden_axe":1,"minecraft:crafting_table":2,"minecraft:ladder":6,"minecraft:brown_mushroom":11,"minecraft:lead":1,"minecraft:wooden_pickaxe":2,"minecraft:potion":2,"minecraft:enchanted_book":1,"minecraft:brewing_stand":1,"hunting_delight:leather_bag":2,"minecraft:string":10,"minecraft:iron_leggings":1,"tacz:ammo":420,"minecraft:cracked_stone_bricks":2,"minecraft:deepslate_tiles":1,"minecraft:smooth_stone":3,"minecraft:redstone_torch":8,"minecraft:poppy":2,"minecraft:melon_slice":4,"minecraft:egg":7,"minecraft:raw_iron":2,"minecraft:sandstone":3,"hunting_delight:humanmeat":6,"minecraft:torch":34,"hunting_delight:cookedhumanmeat":16,"securitycraft:camera_monitor":1,"minecraft:porkchop":4,"tombstone:grave_dust":2,"hunting_delight:chitin":2,"minecraft:arrow":9,"minecraft:rotten_flesh":10,"minecraft:light_gray_bed":1,"minecraft:diamond_chestplate":1,"minecraft:carved_pumpkin":1,"firstaid:bandage":6,"hunting_delight:worm":2,"minecraft:blaze_rod":3,"minecraft:mutton":17,"hunting_delight:rifle":3,"minecraft:white_wool":8,"minecraft:cobblestone":22,"bunker_down:ceiling_lamp":11,"minecraft:cracked_deepslate_tiles":1,"minecraft:birch_log":25,"minecraft:cooked_beef":5,"minecraft:leather":6,"bunker_down:steel_vent":3,"minecraft:birch_planks":3,"minecraft:cobblestone_wall":1,"minecraft:gunpowder":9,"farmersdelight:flint_knife":1,"minecraft:dirt":12,"bunker_down:steel_block":7,"minecraft:cooked_mutton":25,"minecraft:bone":36,"minecraft:apple":1,"minecraft:stone_bricks":4,"minecraft:bow":3,"minecraft:gray_terracotta":1,"minecraft:glass_bottle":4,"minecraft:glowstone_dust":2,"minecraft:stone_hoe":1,"minecraft:iron_sword":2,"minecraft:book":39,"minecraft:emerald_block":1,"bunker_down:underroot_stage_1":2,"minecraft:dandelion":1,"minecraft:sand":4,"minecraft:spruce_log":3,"minecraft:diamond_block":1,"minecraft:mossy_cobblestone":2,"minecraft:leather_helmet":1,"hunting_delight:animal_fat":16,"minecraft:light_gray_concrete":5,"demogorgon:blighted_flesh":3,"minecraft:pumpkin_seeds":4,"tacz:modern_kinetic_gun":2,"minecraft:lever":2,"minecraft:granite":13,"hunting_delight:broken_bone":401,"minecraft:gray_wool":1,"minecraft:bread":16,"minecraft:baked_potato":11,"tombstone:magic_scroll":2,"minecraft:oak_sapling":1},"minecraft:killed_by":{"minecraft:player":3,"minecraft:creeper":1,"demogorgon:demogorgon":1,"sanitydim:rotting_stalker":4,"minecraft:skeleton":4,"minecraft:blaze":1,"minecraft:zombie":5,"kevin_trophy:blister_zombie":1,"minecraft:pig":1},"minecraft:crafted":{"minecraft:smooth_stone":3,"minecraft:cooked_chicken":1,"hunting_delight:rifle":1,"k_turrets:titanium_ingot":17,"minecraft:cooked_mutton":25,"minecraft:diamond":9,"minecraft:leather":9,"minecraft:chest":2,"hunting_delight:leather_bag":1,"minecraft:dark_oak_planks":12,"minecraft:cooked_beef":2,"minecraft:emerald":9,"minecraft:cooked_porkchop":1,"minecraft:crafting_table":1,"minecraft:spruce_planks":12,"minecraft:wooden_pickaxe":1,"minecraft:baked_potato":11,"minecraft:copper_ingot":39,"minecraft:air":0,"minecraft:stick":4,"minecraft:iron_ingot":12,"minecraft:wooden_axe":1,"hunting_delight:cookedhumanmeat":3,"minecraft:shears":1},"minecraft:dropped":{"minecraft:stone_hoe":1,"minecraft:iron_ingot":10,"minecraft:iron_sword":1,"hunting_delight:humanmeat":4,"hunting_delight:broken_bone":561,"minecraft:granite":6,"hunting_delight:chitin":3,"minecraft:cracked_stone_bricks":3,"minecraft:copper_ingot":2,"minecraft:leather_helmet":1,"tombstone:magic_scroll":1,"minecraft:torch":3,"minecraft:melon_slice":4,"tombstone:grave_dust":1,"minecraft:potion":1,"tacz:modern_kinetic_gun":1,"hunting_delight:worm":1,"hunting_delight:animal_fat":8,"minecraft:string":10,"minecraft:birch_log":9,"bunker_down:ceiling_lamp":2,"minecraft:bone":13,"hunting_delight:rifle":2,"minecraft:glowstone_dust":4,"demogorgon:blighted_flesh":4,"minecraft:gunpowder":3,"hunting_delight:leather_bag":1,"minecraft:oak_sapling":1,"minecraft:redstone_torch":7,"minecraft:stone_bricks":8,"securitycraft:camera_monitor":1,"bunker_down:underroot_stage_1":2,"minecraft:arrow":6,"minecraft:bow":4,"minecraft:wooden_pickaxe":1},"minecraft:killed":{"minecraft:witch":1,"minecraft:spider":1,"minecraft:skeleton":2,"minecraft:pig":1,"minecraft:sheep":9,"minecraft:zombie":1,"minecraft:blaze":5},"minecraft:custom":{"minecraft:interact_with_anvil":3,"minecraft:mob_kills":21,"minecraft:interact_with_crafting_table":18,"minecraft:open_barrel":1,"minecraft:damage_dealt_resisted":644,"minecraft:leave_game":6,"minecraft:time_since_death":1188,"minecraft:climb_one_cm":100907,"minecraft:sprint_one_cm":168925,"minecraft:walk_one_cm":1097248,"minecraft:drop":73,"minecraft:damage_dealt_absorbed":75,"minecraft:play_time":362012,"minecraft:sneak_time":47624,"minecraft:deaths":24,"minecraft:walk_under_water_one_cm":25520,"minecraft:jump":2402,"minecraft:interact_with_brewingstand":1,"minecraft:interact_with_blast_furnace":2,"minecraft:walk_on_water_one_cm":60680,"minecraft:total_world_time":362012,"minecraft:interact_with_furnace":58,"tombstone:raider_killed":1,"minecraft:sleep_in_bed":3,"minecraft:time_since_rest":661,"minecraft:damage_taken":5989,"minecraft:damage_dealt":2019,"minecraft:player_kills":3,"minecraft:swim_one_cm":17720,"minecraft:fly_one_cm":370142,"minecraft:open_chest":66,"minecraft:crouch_one_cm":7134,"tombstone:undead_killed":3,"minecraft:fall_one_cm":31551},"minecraft:used":{"minecraft:ladder":6,"bunker_down:ceiling_lamp":9,"minecraft:chest":2,"minecraft:iron_sword":98,"minecraft:stone_hoe":2,"minecraft:cooked_chicken":1,"minecraft:torch":21,"minecraft:dirt":14,"minecraft:cobblestone_wall":1,"minecraft:cracked_deepslate_tiles":1,"minecraft:granite":7,"minecraft:wooden_axe":30,"minecraft:oak_sapling":1,"tombstone:gift":6,"minecraft:egg":7,"minecraft:cooked_beef":2,"minecraft:light_gray_bed":1,"minecraft:pumpkin":1,"bunker_down:steel_vent":1,"minecraft:birch_planks":4,"minecraft:glass_bottle":17,"minecraft:wooden_pickaxe":40,"minecraft:mossy_cobblestone":2,"minecraft:crafting_table":3,"hunting_delight:humanmeat":5,"minecraft:shears":1,"minecraft:deepslate_tiles":1,"minecraft:redstone_torch":4,"minecraft:gray_terracotta":1,"minecraft:lever":1,"bunker_down:steel_block":7,"minecraft:apple":1,"minecraft:light_gray_concrete":2,"minecraft:bread":8,"tombstone:grave_key":16,"minecraft:cobblestone":23,"minecraft:potion":13,"minecraft:cooked_porkchop":1,"minecraft:birch_log":16,"minecraft:air":3},"minecraft:mined":{"minecraft:light_blue_stained_glass_pane":6,"minecraft:deepslate_tiles":1,"minecraft:mossy_cobblestone":2,"minecraft:jungle_leaves":1,"minecraft:brewing_stand":1,"minecraft:carved_pumpkin":1,"minecraft:lever":2,"minecraft:ladder":3,"minecraft:grass_block":2,"minecraft:white_stained_glass":2,"minecraft:light_gray_bed":1,"minecraft:spruce_leaves":5,"minecraft:sandstone":3,"minecraft:spawner":2,"minecraft:light_blue_stained_glass":5,"minecraft:bookshelf":13,"bunker_down:ceiling_lamp":12,"minecraft:gray_terracotta":1,"minecraft:brown_mushroom":11,"minecraft:glass_pane":6,"minecraft:crafting_table":1,"minecraft:torch":7,"minecraft:poppy":1,"minecraft:glass":6,"minecraft:cobblestone":8,"minecraft:wall_torch":15,"minecraft:cobblestone_wall":1,"minecraft:birch_log":17,"minecraft:redstone_torch":1,"minecraft:spruce_log":3,"minecraft:grass":2,"minecraft:cracked_deepslate_tiles":1,"minecraft:sand":6,"minecraft:dirt":7,"minecraft:cracked_stone_bricks":1,"minecraft:stone_bricks":5,"minecraft:oak_leaves":8,"minecraft:fern":1}},"DataVersion":3120}