{"stats":{"minecraft:killed":{"minecraft:spider":3,"minecraft:skeleton":1,"minecraft:chicken":1,"minecraft:pig":3,"minecraft:creeper":1,"minecraft:sheep":2,"minecraft:zombie":2},"minecraft:mined":{"minecraft:mossy_cobblestone":3,"demogorgon:blighted_log_hyphae":1,"minecraft:potted_cactus":2,"hunting_delight:sheepcorpse":1,"minecraft:lever":3,"minecraft:ladder":2,"minecraft:granite":2,"minecraft:allium":13,"minecraft:grass_block":4,"hunting_delight:pigcorpse":5,"minecraft:redstone_wire":1,"minecraft:spawner":1,"farmersdelight:wild_onions":9,"minecraft:bookshelf":25,"demogorgon:blighted_log":1,"minecraft:stone":125,"sophisticatedbackpacks:backpack":1,"minecraft:tripwire":2,"minecraft:redstone_wall_torch":1,"minecraft:gray_terracotta":8,"minecraft:crafting_table":3,"minecraft:torch":3,"minecraft:gray_stained_glass":2,"minecraft:white_stained_glass_pane":1,"minecraft:copper_ore":39,"minecraft:birch_planks":2,"minecraft:birch_log":6,"minecraft:wheat":14,"minecraft:birch_leaves":2,"k_turrets:titanium_ore":2,"minecraft:grass":5,"minecraft:oak_log":5,"minecraft:coal_ore":19,"hunting_delight:chickencorpse":2,"minecraft:sand":4,"minecraft:dirt":13,"minecraft:cobweb":15,"minecraft:cracked_stone_bricks":1,"minecraft:stone_bricks":10,"minecraft:mossy_stone_bricks":2,"minecraft:oak_leaves":6,"minecraft:iron_trapdoor":1,"minecraft:redstone_lamp":2},"minecraft:custom":{"minecraft:mob_kills":17,"minecraft:interact_with_anvil":1,"minecraft:interact_with_crafting_table":25,"minecraft:open_barrel":1,"minecraft:damage_dealt_resisted":48,"minecraft:leave_game":7,"minecraft:time_since_death":13766,"minecraft:climb_one_cm":77361,"minecraft:sprint_one_cm":215309,"minecraft:walk_one_cm":1000656,"minecraft:damage_blocked_by_shield":710,"minecraft:drop":9,"minecraft:damage_dealt_absorbed":40,"minecraft:play_time":265924,"minecraft:deaths":11,"minecraft:sneak_time":3849,"minecraft:walk_under_water_one_cm":12669,"minecraft:jump":1218,"minecraft:interact_with_blast_furnace":6,"minecraft:walk_on_water_one_cm":18485,"minecraft:total_world_time":265924,"minecraft:interact_with_furnace":28,"minecraft:sleep_in_bed":4,"minecraft:time_since_rest":5989,"minecraft:damage_taken":4107,"minecraft:damage_dealt":2414,"minecraft:minecart_one_cm":65577,"minecraft:swim_one_cm":1212,"minecraft:fly_one_cm":87485,"minecraft:open_chest":99,"minecraft:crouch_one_cm":3511,"tombstone:undead_killed":3,"minecraft:fall_one_cm":7023},"minecraft:dropped":{"hunting_delight:chitin":2,"minecraft:coal":16,"hunting_delight:slingshot":1,"hunting_delight:pigcorpse":1,"minecraft:raw_copper":112,"hunting_delight:pebble":64,"tacz:ammo":23},"minecraft:killed_by":{"minecraft:player":4,"demogorgon:demogorgon":1,"minecraft:skeleton":3,"minecraft:zombie":1},"minecraft:broken":{"minecraft:leather_helmet":1,"minecraft:wooden_pickaxe":1,"minecraft:stone_pickaxe":1},"minecraft:used":{"minecraft:stone_sword":102,"minecraft:redstone":4,"minecraft:shield":15,"minecraft:torch":11,"minecraft:dirt":19,"hunting_delight:chickencorpse":2,"minecraft:birch_sapling":12,"minecraft:stone_bricks":1,"minecraft:redstone_lamp":1,"minecraft:iron_trapdoor":1,"hunting_delight:pigcorpse":5,"minecraft:minecart":1,"tombstone:gift":3,"minecraft:egg":7,"minecraft:wheat_seeds":14,"hunting_delight:sheepcorpse":1,"minecraft:birch_planks":9,"cgm:pistol":16,"minecraft:glass_bottle":5,"minecraft:stone_pickaxe":167,"minecraft:wooden_pickaxe":59,"demogorgon:blighted_planks":1,"minecraft:mossy_cobblestone":1,"minecraft:sand":3,"minecraft:crafting_table":4,"hunting_delight:humanmeat":2,"minecraft:redstone_torch":1,"minecraft:lever":3,"sophisticatedbackpacks:backpack":1,"minecraft:bread":9,"minecraft:string":3,"minecraft:leather_helmet":1,"tombstone:grave_key":18,"minecraft:stone_axe":26,"minecraft:cobblestone":10,"minecraft:potion":7},"minecraft:picked_up":{"minecraft:crafting_table":4,"minecraft:wheat":8,"minecraft:allium":28,"cgm:basic_bullet":64,"minecraft:ladder":2,"minecraft:chicken":1,"minecraft:iron_trapdoor":1,"minecraft:flower_pot":2,"minecraft:redstone_lamp":2,"minecraft:wooden_pickaxe":1,"minecraft:potion":5,"minecraft:shield":2,"minecraft:raw_copper":203,"minecraft:string":18,"minecraft:wooden_sword":1,"tacz:ammo":196,"hunting_delight:sheepcorpse":1,"minecraft:cracked_stone_bricks":2,"demogorgon:blighted_planks":2,"minecraft:beef":2,"minecraft:redstone_torch":1,"hunting_delight:pigcorpse":6,"minecraft:minecart":2,"minecraft:birch_sapling":12,"minecraft:egg":5,"bunker_down:airlock_iron_trapdoor":1,"minecraft:stick":8,"hunting_delight:humanmeat":2,"minecraft:torch":3,"sophisticatedbackpacks:backpack":2,"minecraft:porkchop":5,"hunting_delight:chitin":2,"minecraft:redstone":1,"minecraft:arrow":5,"minecraft:stone_sword":1,"minecraft:cactus":2,"minecraft:rotten_flesh":3,"farmersdelight:onion":9,"demogorgon:blighted_log_hyphae":1,"k_turrets:raw_titanium":2,"firstaid:bandage":4,"hunting_delight:worm":4,"minecraft:mutton":5,"hunting_delight:chickencorpse":2,"minecraft:rail":3,"minecraft:white_wool":3,"minecraft:cobblestone":152,"minecraft:birch_log":9,"minecraft:brown_wool":1,"minecraft:birch_planks":9,"minecraft:flint":1,"minecraft:oak_log":5,"bunker_down:airlock_iron_door":1,"minecraft:gunpowder":3,"minecraft:dirt":22,"demogorgon:blighted_log":1,"minecraft:bone":12,"minecraft:stone_bricks":10,"minecraft:bow":1,"minecraft:gray_terracotta":7,"minecraft:wheat_seeds":36,"minecraft:stone_pickaxe":1,"minecraft:glass_bottle":1,"minecraft:book":63,"minecraft:dandelion":1,"minecraft:gravel":7,"minecraft:sand":4,"minecraft:leather_helmet":2,"minecraft:mossy_cobblestone":1,"bunker_down:steel_pressure_plate":1,"hunting_delight:animal_fat":13,"minecraft:light_gray_terracotta":1,"cgm:pistol":1,"minecraft:stone_axe":1,"tacz:modern_kinetic_gun":1,"minecraft:lever":3,"hunting_delight:broken_bone":112,"minecraft:bread":7,"minecraft:melon_seeds":2,"minecraft:coal":17},"minecraft:crafted":{"minecraft:oak_planks":20,"demogorgon:blighted_planks":4,"minecraft:lever":1,"firstaid:plaster":1,"hunting_delight:slingshot":2,"minecraft:stone_pickaxe":3,"minecraft:cooked_porkchop":5,"minecraft:crafting_table":2,"minecraft:wooden_pickaxe":1,"minecraft:birch_planks":36,"hunting_delight:pebble":171,"minecraft:stone_axe":1,"minecraft:bread":4,"minecraft:air":0,"minecraft:stick":16,"minecraft:iron_ingot":37,"minecraft:stone_sword":1,"firstaid:bandage":1,"hunting_delight:cookedhumanmeat":5,"minecraft:redstone_torch":1,"minecraft:torch":8}},"DataVersion":3120}