{"stats":{"minecraft:killed":{"minecraft:witch":2,"minecraft:spider":26,"sanitydim:sneaking_terror":1,"demogorgon:demogorgon":2,"minecraft:skeleton":26,"minecraft:chicken":2,"minecraft:pig":1,"minecraft:creeper":13,"minecraft:sheep":3,"kevin_trophy:blister_zombie":2,"minecraft:zombie":35,"minecraft:stray":1,"minecraft:cow":3,"minecraft:blaze":9,"sanitydim:rotting_stalker":4,"minecraft:drowned":6,"rottencreatures:undead_miner":3,"kevin_trophy:crawler_zombie":1},"minecraft:picked_up":{"minecraft:wheat":2,"cgm:basic_bullet":48,"minecraft:anvil":1,"minecraft:lead":1,"hunting_delight:leather_bag":1,"minecraft:string":60,"minecraft:raw_copper":173,"minecraft:smooth_stone_slab":4,"minecraft:deepslate_tiles":6,"minecraft:redstone_torch":4,"minecraft:furnace":3,"minecraft:stick":4,"minecraft:torch":21,"securitycraft:camera_monitor":1,"minecraft:porkchop":1,"minecraft:target":1,"minecraft:diorite":3,"tombstone:grave_dust":7,"minecraft:light_gray_bed":2,"minecraft:rotten_flesh":23,"demogorgon:blighted_log_hyphae":1,"minecraft:iron_block":10,"farmersdelight:rope":1,"hunting_delight:worm":7,"minecraft:blaze_rod":2,"hunting_delight:rifle":1,"hunting_delight:chickencorpse":1,"minecraft:cobblestone":141,"bunker_down:ceiling_lamp":18,"minecraft:birch_log":101,"minecraft:enchanting_table":1,"farmersdelight:rice":6,"bunker_down:steel_vent":5,"map_atlases:atlas":1,"minecraft:dirt":42,"minecraft:bone":27,"minecraft:gray_terracotta":3,"minecraft:bow":1,"minecraft:wheat_seeds":5,"minecraft:raw_gold":1,"tacz:gun_smith_table":1,"minecraft:stone_hoe":1,"minecraft:sand":45,"minecraft:fermented_spider_eye":1,"minecraft:diamond_block":2,"bunker_down:steel_pressure_plate":3,"minecraft:mossy_cobblestone":6,"hunting_delight:animal_fat":11,"minecraft:bundle":1,"cgm:pistol":1,"minecraft:light_gray_concrete":10,"minecraft:light_gray_terracotta":2,"minecraft:diamond":2,"minecraft:lever":5,"minecraft:granite":13,"minecraft:crafting_table":10,"minecraft:charcoal":2,"minecraft:chicken":1,"minecraft:ladder":5,"minecraft:gold_block":2,"minecraft:shield":1,"tacz:ammo":23,"hunting_delight:apileofbones":1,"minecraft:cracked_stone_bricks":2,"minecraft:beef":4,"minecraft:minecart":2,"minecraft:birch_sapling":8,"minecraft:egg":8,"minecraft:raw_iron":22,"minecraft:sandstone":7,"minecraft:copper_ingot":3,"hunting_delight:chitin":6,"minecraft:redstone":22,"minecraft:arrow":43,"k_turrets:raw_titanium":17,"hunting_delight:slingshot":1,"minecraft:polished_blackstone":1,"minecraft:mutton":3,"minecraft:white_wool":11,"minecraft:rail":5,"minecraft:leather":2,"minecraft:filled_map":1,"hunting_delight:cowcorpse":1,"minecraft:birch_planks":35,"minecraft:oak_log":11,"bunker_down:airlock_iron_door":7,"minecraft:gunpowder":22,"minecraft:cobblestone_wall":28,"bunker_down:steel_block":28,"minecraft:stone_bricks":116,"minecraft:iron_ingot":10,"minecraft:cooked_chicken":1,"minecraft:cobweb":2,"minecraft:glass_bottle":1,"minecraft:book":18,"minecraft:birch_boat":1,"bunker_down:underroot_stage_1":3,"hunting_delight:pebble":64,"minecraft:quartz":1,"minecraft:dandelion":1,"hunting_delight:rot":4,"minecraft:spider_eye":8,"minecraft:leather_helmet":1,"bunker_down:steel_block_slab":3,"demogorgon:blighted_flesh":2,"tacz:modern_kinetic_gun":2,"minecraft:iron_helmet":1,"hunting_delight:broken_bone":562,"tombstone:magic_scroll":1,"minecraft:coal":69},"minecraft:broken":{"minecraft:stone_pickaxe":1,"minecraft:stone_axe":1,"minecraft:wooden_axe":1,"minecraft:shield":1,"minecraft:iron_pickaxe":1},"minecraft:dropped":{"minecraft:glass_bottle":2,"minecraft:crafting_table":1,"map_atlases:atlas":1,"minecraft:leather_helmet":3,"farmersdelight:rice":6,"firstaid:bandage":33,"minecraft:wooden_sword":2,"minecraft:birch_log":3,"hunting_delight:rifle":1,"cgm:pistol":1,"minecraft:birch_sapling":1,"minecraft:rotten_flesh":13,"cgm:basic_bullet":64,"hunting_delight:leather_bag":1,"minecraft:charcoal":2,"minecraft:beetroot_seeds":1,"minecraft:melon_seeds":2,"minecraft:ladder":2,"securitycraft:camera_monitor":1,"minecraft:bread":25,"minecraft:wheat_seeds":1,"hunting_delight:broken_bone":9,"minecraft:cobblestone":30,"minecraft:lead":1,"minecraft:apple":1,"hunting_delight:chitin":2,"minecraft:stick":1,"tombstone:magic_scroll":1,"minecraft:torch":1,"minecraft:potion":5,"tacz:modern_kinetic_gun":5,"hunting_delight:worm":1,"hunting_delight:animal_fat":1,"minecraft:string":2,"minecraft:dandelion":1,"sophisticatedbackpacks:backpack":1,"minecraft:filled_map":2,"minecraft:shield":2,"minecraft:redstone_torch":2,"tacz:ammo":1276},"minecraft:custom":{"minecraft:interact_with_crafting_table":41,"minecraft:open_barrel":1,"minecraft:leave_game":24,"minecraft:time_since_death":12646,"minecraft:sprint_one_cm":703748,"minecraft:damage_blocked_by_shield":5865,"minecraft:drop":109,"minecraft:talked_to_villager":2,"minecraft:play_time":495859,"minecraft:deaths":21,"tombstone:tomb_raiding":1,"minecraft:jump":4652,"minecraft:walk_on_water_one_cm":89269,"minecraft:interact_with_furnace":42,"minecraft:sleep_in_bed":20,"minecraft:damage_dealt":13470,"minecraft:player_kills":9,"minecraft:crouch_one_cm":19421,"tombstone:undead_killed":76,"minecraft:use_cauldron":1,"minecraft:mob_kills":163,"minecraft:interact_with_anvil":1,"minecraft:interact_with_campfire":1,"minecraft:damage_dealt_resisted":733,"minecraft:climb_one_cm":164516,"minecraft:walk_one_cm":1992194,"minecraft:damage_dealt_absorbed":80,"minecraft:sneak_time":9270,"minecraft:walk_under_water_one_cm":31474,"minecraft:boat_one_cm":25410,"minecraft:interact_with_blast_furnace":5,"minecraft:total_world_time":496846,"tombstone:raider_killed":2,"minecraft:time_since_rest":9666,"minecraft:damage_taken":9925,"minecraft:minecart_one_cm":62213,"minecraft:swim_one_cm":7886,"minecraft:fly_one_cm":534925,"minecraft:open_chest":139,"minecraft:fall_one_cm":36082},"minecraft:crafted":{"minecraft:oak_planks":44,"minecraft:birch_boat":1,"minecraft:stone":3,"securitycraft:reinforced_glass_pane":16,"k_turrets:titanium_ingot":2,"minecraft:chest":5,"sophisticatedbackpacks:backpack":2,"minecraft:crafting_table":5,"minecraft:spruce_planks":8,"minecraft:wooden_pickaxe":2,"minecraft:copper_ingot":63,"minecraft:birch_planks":460,"minecraft:charcoal":12,"minecraft:shield":3,"minecraft:stick":52,"minecraft:iron_ingot":35,"minecraft:iron_pickaxe":1,"minecraft:iron_block":1,"securitycraft:camera_monitor":1,"minecraft:shears":1,"minecraft:wooden_sword":1,"minecraft:furnace":1,"minecraft:bone_meal":139,"minecraft:leather":8,"minecraft:ladder":6,"minecraft:iron_sword":1,"tacz:gun_smith_table":1,"minecraft:mangrove_planks":8,"minecraft:stone_axe":2,"minecraft:air":0,"minecraft:wooden_axe":3,"firstaid:bandage":1,"hunting_delight:cookedhumanmeat":13,"minecraft:torch":44},"minecraft:mined":{"minecraft:brewing_stand":1,"minecraft:granite":4,"minecraft:grass_block":12,"tacz:gun_smith_table":1,"minecraft:spawner":7,"minecraft:light_blue_stained_glass":8,"minecraft:smooth_stone":1,"minecraft:iron_ore":22,"minecraft:fire":1,"minecraft:target":1,"minecraft:anvil":1,"minecraft:enchanting_table":1,"minecraft:light_gray_concrete":7,"bunker_down:broken_ceiling_lamp":10,"minecraft:iron_block":10,"bunker_down:airlock_iron_door":7,"minecraft:gray_terracotta":3,"minecraft:quartz_block":4,"minecraft:torch":2,"minecraft:light_gray_terracotta":3,"minecraft:white_stained_glass_pane":15,"minecraft:glass":13,"minecraft:cobblestone":10,"bunker_down:underroot":2,"minecraft:wall_torch":13,"minecraft:birch_log":101,"minecraft:wheat":2,"bunker_down:steel_block_slab":4,"minecraft:smooth_stone_slab":2,"minecraft:grass":1,"minecraft:oak_log":9,"minecraft:sand":49,"minecraft:dirt":34,"minecraft:oak_leaves":2,"minecraft:emerald_block":1,"minecraft:light_blue_stained_glass_pane":8,"minecraft:deepslate_tiles":1,"minecraft:blue_stained_glass_pane":7,"minecraft:mossy_cobblestone":7,"bunker_down:steel_pressure_plate":2,"demogorgon:blighted_log_hyphae":1,"minecraft:gray_stained_glass_pane":4,"minecraft:lever":5,"minecraft:ladder":5,"minecraft:white_stained_glass":19,"minecraft:redstone_wire":22,"minecraft:sandstone":7,"minecraft:furnace":2,"minecraft:diamond_block":3,"bunker_down:airlock_iron_trapdoor":1,"bunker_down:steel_vent":3,"minecraft:gold_block":2,"minecraft:bookshelf":2,"farmersdelight:rope":1,"minecraft:rail":5,"hunting_delight:cowcorpse":1,"bunker_down:steel_block":29,"minecraft:stone":119,"bunker_down:ceiling_lamp":7,"minecraft:dandelion":1,"minecraft:crafting_table":11,"minecraft:gray_stained_glass":4,"minecraft:copper_ore":16,"minecraft:diorite":1,"minecraft:birch_planks":37,"minecraft:cobblestone_wall":31,"minecraft:redstone_torch":1,"minecraft:birch_leaves":23,"k_turrets:titanium_ore":17,"minecraft:coal_ore":34,"hunting_delight:chickencorpse":1,"minecraft:cobweb":25,"minecraft:cracked_stone_bricks":3,"minecraft:polished_blackstone":1,"minecraft:stone_bricks":124,"minecraft:mossy_stone_bricks":1},"minecraft:used":{"minecraft:iron_shovel":1,"minecraft:ladder":15,"bunker_down:ceiling_lamp":22,"minecraft:chest":3,"minecraft:shield":199,"minecraft:iron_sword":172,"securitycraft:security_camera":5,"minecraft:iron_chestplate":1,"securitycraft:camera_monitor":5,"minecraft:iron_helmet":1,"minecraft:stone_bricks":422,"bunker_down:airlock_iron_door":10,"minecraft:furnace":4,"minecraft:egg":5,"bunker_down:steel_vent":4,"minecraft:diorite":3,"minecraft:stone_pickaxe":128,"minecraft:oak_planks":6,"minecraft:wooden_pickaxe":38,"minecraft:sandstone":3,"minecraft:white_wool":2,"minecraft:golden_apple":1,"minecraft:sand":11,"minecraft:blast_furnace":1,"minecraft:shears":2,"minecraft:redstone_torch":2,"minecraft:deepslate_tiles":6,"minecraft:lever":10,"sophisticatedbackpacks:backpack":2,"bunker_down:steel_block":7,"minecraft:light_gray_concrete":8,"minecraft:bread":12,"hunting_delight:cowcorpse":1,"tombstone:grave_key":14,"minecraft:wooden_sword":42,"minecraft:diamond_sword":35,"bunker_down:airlock_iron_trapdoor":1,"minecraft:birch_log":16,"minecraft:smooth_stone_slab":2,"minecraft:air":7,"minecraft:cobweb":1,"minecraft:stone_sword":3,"minecraft:redstone":1,"tacz:gun_smith_table":2,"bunker_down:steel_pressure_plate":3,"minecraft:stone_hoe":4,"minecraft:cooked_chicken":1,"minecraft:torch":62,"minecraft:dirt":23,"minecraft:anvil":1,"minecraft:target":1,"bunker_down:brittle_pickaxe":9,"minecraft:cobblestone_wall":71,"minecraft:granite":13,"farmersdelight:rope":1,"minecraft:wooden_axe":51,"hunting_delight:chickencorpse":1,"minecraft:iron_axe":86,"minecraft:iron_boots":1,"minecraft:minecart":3,"tombstone:gift":5,"minecraft:light_gray_bed":2,"minecraft:iron_leggings":1,"minecraft:wheat_seeds":4,"minecraft:water_bucket":4,"minecraft:birch_planks":363,"minecraft:glass_bottle":69,"cgm:pistol":23,"minecraft:birch_boat":2,"minecraft:cauldron":1,"minecraft:leather_boots":1,"minecraft:rail":40,"minecraft:crafting_table":13,"hunting_delight:humanmeat":2,"minecraft:gray_terracotta":2,"minecraft:apple":1,"minecraft:iron_pickaxe":377,"minecraft:leather_helmet":1,"hunting_delight:apileofbones":1,"minecraft:stone_axe":104,"hunting_delight:rot":3,"minecraft:cobblestone":65,"minecraft:potion":62,"minecraft:bucket":4},"minecraft:killed_by":{"demogorgon:demogorgon":1,"sanitydim:rotting_stalker":2,"sanitydim:sneaking_terror":1,"minecraft:witch":1,"minecraft:zombie":5,"minecraft:husk":2,"minecraft:player":1,"minecraft:stray":1,"minecraft:spider":2,"minecraft:skeleton":3,"kevin_trophy:blister_zombie":1}},"DataVersion":3120}